Business Name,Website URL,City,Owner Name,Business Type
Anti Ageing lab,http://www.antiageinglabindia.com/,Kochi,Priya Fernandez,skin care clinic
"Skinessence, Skin and Hair Laser Aesthetic Clinic, Kadavanthra, Kochi.",https://www.skinessence.co.in/,Kochi,Unknown,skin care clinic
Dr. Nandini's Cutis Clinic | Skin Hair Laser,http://www.cutisskinclinic.com/,Ernakulam,Nandini Nair,skin care clinic
Le Regain Hair and Skin Clinic,https://www.regainbeauty.in/,Kochi,Clary Laurent,skin care clinic
Gautham Hospital,https://gauthamhospital.org/,Kochi,K Kayatanera,private hospital
Dermavibes - SKIN HAIR LASER COSMETOLOGY and UROLOGY CLINIC,http://www.dermavibescochin.in/,Kakkanad,Vandana Kataria,skin care clinic
"Dr Anuradha Kakkanatt Babu, Dermatologist, Kochi",https://www.asterhospitals.in/hospitals/aster-medcity-kochi,Kochi,Azad Moopen,dermatologist
Acne Clinic NYC: Acne & Scars Treatment,https://acneclinicnyc.com/,New York,Veronika Astashonok,skin care clinic
Beau Aesthetica Cosmetic Dermatology Clinic & Academy,https://beauaesthetica.in/,Kochi,Meera James,skin care clinic
"Kaya Clinic - Panampilly Nagar, Kochi: Laser Hair Reduction, Acne Scar, Hair Loss, Skin Lightening & Fat Loss Treatments",https://clinics.kaya.in/near-me/kochi/Panampilly-Nagar/kaya-skin-hair-clinic-in-Panampilly-Nagar-kochi--2XItfV/home,Kochi,Unknown,dermatologist
"Clinic 7-Skin,Dental and Hair care clinic | Best Clinic in Kochi",https://www.clinic7.com/,Kochi,Unknown,skin care clinic
Dr ANU DENTAL AESTHETIC CLINIC,https://dranudentalaestheticclinic.com/,Kochi,Not Found,dental clinic
Almeka Medical Centre,https://almeka.in/,Kochi,Tomy Scaria,skin care clinic
Sage- Skin & Hair Clinic Kochi,https://www.sageskin.in/,Kochi,Meghna Singh,skin care clinic
Dr Shyna s Theruvath,https://drshynasskinclinic.com/,Kochi,Shyna Theruvath,skin care clinic
Apollo 24|7 Doctor Tele-Consult Near Me | Thoppumpady | Ernakulam,https://www.apollo247.com/specialties,Kochi,Madhivanan Balakrishnan,general practitioner
Vlcc Beauty Clinic ( Cochin ),https://vlcc.in/clinics/beauty-wellness-clinic-Cochin/39,Kochi,Vandana Luthra,health and beauty shop
JENY'S AESTHETICS AND COSMETOLOGY,https://www.jenysaesthetics.com/,Kochi,null,skin care clinic
DR Youth Clinic - Skin & Hair care - Kochi,http://www.dryouthclinic.co.in/?utm_source=google&utm_medium=wix_google_business_profile&utm_campaign=4578967202960883871,Kochi,Not Found,skin care clinic
Cutis International Cosmetic Clinics | Best Hair Transplant & Skin Care Clinic in Kochi,https://www.cutisinternational.com/,Kakkanad,Shajeer Machinchery,hair transplantation clinic
DERMACHECK SKIN CLINIC,https://www.dermacheckskinclinic.com/,Angamaly,Unknown,skin care clinic
Fascia Skin And Hair Clinic,https://fasciaskinandhairclinic.com/,Kochi,Shibu Mohammed,dermatologist
Skinsecrets - Centre For Advanced Dermatology & Aesthetics,https://skinsecret.co.in/,Kochi,Anjana Mohan,skin care clinic
Dr Soumya Jagadeesan Vivek,https://www.amritahospitals.org/SpecialityDepartments/dermatology,Kochi,Soumya Vivek,dermatologist
INSIGHT SKIN AND HAIR TRANSPLANT CLINIC - KOCHI,http://insightdermaclinic.com/,Kochi,Sharath Bathini,hair transplantation clinic
Therefore I’m Kochi – Advanced Aesthetics & Cosmetic Skin Clinic,https://thereforeim.in/,Ernakulam,Fathima Sheriff,skin care clinic
Doctors Aesthetics Centre,http://doctorsaestheticscentre.com/,Ernakulam,George Koluthara,skin care clinic
Dr. Mathayis Homeo Skin,http://www.drmathayis.com/,Kochi,Unknown,skin care clinic
"DermaVue Skin & Plastic Surgery, Lasers & Hair Transplant | Weight Loss | Dermatologist Kochi",https://dermavue.com/locations/kochi/,Aluva,Sarath Chandran,dermatologist
Better You Skin & Hair Clinic,http://www.betteryouclinic.com/,Kochi,Shilpi Bhadani,skin care clinic
Zaaya Skin Hair & Laser Clinic,http://zaayaskinclinic.com/,Aluva,Unknown,skin care clinic
Renai Centre for Aesthetics,http://www.renaimedicity.org/,Kochi,Unknown,dermatologist
Laser Skin & Cosmetology Clinic,http://laser-skinclinic.com/,Kochi,Unknown,skin care clinic
Eana Skincare & Permanent Cosmetics,https://www.eanaskincare.com/,Kochi,Unknown,skin care clinic
Grace and Glow aesthetic clinic with holistic approach,https://graceandglowaestheticclinic.com/,Kochi,Unknown,skin care clinic
Oh my skin clinic,http://www.ohmyskincenter.com/,Kakkanad,Unknown,skin care clinic
Glow young,https://theglowyoung.com/,Kochi,Unknown,skin care clinic
"Eterno Cosmetic Surgery, Plastic Surgery, Hair Transplant Clinic",http://www.keralaplasticsurgery.com/,Kochi,Chacko Cyriac,plastic surgery clinic
PNVM Cosmoderma Center,https://www.pnvmcosmodermacentre.com/,Kochi,Prem Narayan,skin care clinic
Cutis Epicorium,https://kochi.cutisappointment.online/,Kochi,Unknown,dermatologist
Dr Vinitha's ‘’ Skin Clinic “,http://drvinithadermatology.com/,Ernakulam,Vinitha Gopalakrishnan,dermatologist
Dr. Mary Antony - Best Dermatologist and Skin Doctor in Kochi - Face Glow Aesthetics,https://faceglowaesthetics.com/dermatologists-skin-doctor-kochi/,Kochi,Mary Antony,dermatologist
Skinovia Skin clinic,http://www.skinoviaskinclinic.com/,Kochi,Farisha OV,skin care clinic
Novocare,http://novocareindia.com/,Kochi,Baby Resiya,skin care clinic
Twacha Skin and Hair Clinic Tripunithura,https://www.kochidermatologist.com/,Kochi,Unknown,dermatologist
Aesthetic Skin Clinic in Kochi - Hair O Craft,https://www.hairocraft.com/skin,Kochi,Unknown,skin care clinic
"Oliva Clinic Kochi: Laser Hair Removal, Pimple, Acne Scar, Hair Loss, Skin Whitening, PRP & Pigmentation Treatments",https://www.olivaclinic.com/kochi/skin-hair-specialists-kadavanthra/?utm_source=BL&utm_medium=Kochi&utm_campaign=Website,Kochi,Unknown,dermatologist
VEDA WELLNESS,https://www.vedawellness.org/,Kochi,Joseph Sham,organic restaurant
P S Mission Hospital,http://www.psmissionhospital.org/,Kochi,Unknown,general hospital
Revive Aesthetics,https://revivekochi.com/,Kochi,Unknown,dermatologist
Sky Skin Clinic ( Hydra Facial- Carbon Laser Peel - Skin Clinic - Lip Pigmentation Thripunithura Kochi),http://www.skyskinclinic.com/,Kochi,Unknown,skin care clinic
Dr. Susy Elias Samson,https://www.drsusyskincarecentre.com/,Kochi,Unknown,dermatologist
"Dr. Skin Clinic, Kochi",https://www.drskinclinics.com/,Kochi,Unknown,skin care clinic
"Le Thia Cares - Palarivattom, Kochi",http://www.lethiacares.com/,Kochi,Suresh P.,skin care clinic
Skin Clinic and Pharmacy,https://www.skinclinic.in/,Kochi,Unknown,dermatologist
Skin 4 all,https://skin4all.in/,Kochi,Unknown,skin care clinic
COSMETIQ CLINIC COCHIN,https://www.cosmetiq.in/,Ernakulam,Unknown,hospital
Glow Nest Clinic,https://www.glownestclinic.com/,Kochi,Unknown,skin care clinic
Cosmique Skin & Hair Clinic,https://cosmiquecochin.com/?utm_source=google&utm_medium=organic&utm_campaign=cosmique-gmb-june2023&utm_content=visit-website,Kochi,Unknown,skin care clinic
Indyu Skin Clinic And Cosmetology Centre,https://www.indyuskin.com/,Kakkanad,Unknown,skin care clinic
The Skin Life,http://www.theskinlife.co.in/,Kochi,Unknown,skin care clinic
LEH Skin Clinic,http://lehskinclinic.com/,Kochi,Honey Chackochan,skin care clinic
Niara Aesthetics,https://www.niaraaesthetics.com/,Ernakulam,Unknown,skin care clinic
"VCare Hair & Skin Clinic - Kochi | Skin Treatment, Hair Treatment, Hair Transplant, Laser Hair Removal, Skin Whitening",https://hair-skin-clinic.vcaretrichology.com/vcare-trichology/clinic-in-kochi/clinic-in-Ernakulam/vcare-hair-and-skin-clinic-in-Ernakulam-kochi--4fVqUN/home,Ernakulam,Unknown,hair transplantation clinic
MedTrust Aesthetics Dermatology,https://medicaltrusthospital.com/MedTrustAestheticsDermatology/,Kochi,Unknown,dermatologist
