Name,Website,City,Owner,Type
Krch Aesthetic Medicine & Hair Transplants,https://www.krchmed.com/surgical/neograft-hair-restoration,Phoenix,Dr. Ryan Krch,Hair Transplantation Clinic

McGrath Medical,https://mcgrathmedical.com/,Austin,Daniel McGrath,Hair Transplantation Clinic

Arizona Aesthetics | Hair Restoration & Stem Cell Therapy,http://www.arizonaaesthetics.com/,Scottsdale,Erik Borchardt.,Medical Spa
Hair Medical Restoration Scottsdale,https://hairmedicalrestoration.com/hmr-scottsdale,Scottsdale,Jorge Keity Cortez Barron,Hair Transplantation Clinic
Arizona Hair Restoration,http://www.arizonahairrestoration.com/,Glendale,Michelle Carr is the owner of Arizona Hair Restoration.,Hair Transplantation Clinic
Arizona Facial Plastics,https://www.arizonafacialplastics.com/,Phoenix,"Felicia Taghizadeh, Farhan Taghizadeh",Plastic Surgery Clinic
"AlviArmani - Phoenix, AZ",https://alviarmaniphoenix.com/,Phoenix,Dr. Ashkan Hayatdavoudi,Hair Transplantation Clinic
HAIRCLUB,https://www.hairclub.com/locations/united-states/arizona/phoenix/phoenix/?pub=DGSEOGOOLOCA00017295&utm_source=google&utm_medium=organic&utm_campaign=gbp-listing-phoenix,Phoenix,Ahmad M. Wardak,Hair Replacement Service
National Hair Loss Medical Aesthetics,https://nhlma.com/,Scottsdale,Carly Klein is the founder and President of National Hair Loss Medical Aesthetics (NHLMA). She founded NHLMA in Scottsdale in 2007.,Hair Replacement Service
The Stem Cell Hair Restoration Clinic | Cendant,https://www.cendanthair.com/hair-regeneration-scottsdale/?utm_source=gbp&utm_medium=organic,Scottsdale,Dr. Dan Lann.,Hair Transplantation Clinic
Bosley - Hair Restoration & Transplant - Scottsdale,https://www.bosley.com/locations/scottsdale/?utm_source=rioseo&utm_medium=directory_loc&utm_campaign=google&utm_term=Scottsdale&utm_content=location&cid=RIOSEO_LISTING_GOOGLE_SCOTTSDALE,Scottsdale,The founder of Bosley is Dr. L. Lee Bosley. The current CEO and President of Bosley is Rob Spurrell.,Hair Transplantation Clinic
Arizona Hair Replacement,http://www.arizonahairreplacement.com/,Glendale,Michelle Carr,Hair Replacement Service
Maxim Hair Restoration & Transplants - Phoenix,https://www.maximhairrestoration.com/locations/phoenix-scottsdale-arizona/?utm_source=google&utm_medium=organic&utm_campaign=gmb-phoenix&utm_content=website?el=phoenix_gmp,Phoenix,Mac Fadra is the CEO of Maxim Hair Restoration.,Hair Transplantation Clinic
Dr. Rejali Hair & Skin Institute,https://rejalimedical.com/,Scottsdale,Dr. Seyed Farhad Rejali.,Hair Transplantation Clinic
AzScalpDoctor,https://azscalpdoctor.com/,Mesa,Francisco Ahumada,Hair Replacement Service
Permanent Precision Scalp Micro Pigmentation,https://permanentprecisionsmp.com/,Scottsdale,Lisa Millington.,Hair Replacement Service
